f1,f2,f3,f4,f5,target,color
0.0670721609668362,-0.12058706801142714,0.9045600953616394,0.19707353780672907,0.2615058975705097,0,red
-3.058686763997825,3.519352052906017,-3.8302570426152966,1.7964636350391991,-2.366465395086757,2,blue
-1.6800055430724579,3.9658381697579927,-3.048028099134546,3.7369894409614113,-3.2838951172307134,2,blue
0.11649452607908528,0.2647230405303608,1.453275682984624,0.7361951394266211,-0.4468676501493331,0,red
0.03596959553282462,-1.0533400374506225,0.5780455266542646,0.4999898967599434,1.6756499033933163,0,red
3.416962349897596,3.830760611217225,2.717308831265493,2.349950986883952,2.1906942783184284,1,green
0.25103436324776707,-0.2982834517943937,-0.524341526773278,0.4738024159901278,0.7986087961149234,0,red
-2.150149163826326,2.6290941014678246,-3.6683032331300773,3.5371664553577875,-3.3036516851819187,2,blue
-0.69590901202412,0.3810389517849694,-1.0226482447801912,1.4186418598839003,0.913590389080482,0,red
3.1846398200768453,3.7553848358816593,3.38814587501173,3.1468492887668025,3.775406969059709,1,green
0.3579438120092471,0.15419097717143354,-0.46492599386972694,0.054068462539379594,-0.2984626287425751,0,red
0.05543496898028728,-0.36999186730265055,0.3710161776570213,0.2584535554073713,0.8036749850271631,0,red
-0.6172724106217723,0.446998147626144,-0.15727827973375333,0.2874883573161372,-0.4678449139012701,0,red
-2.2280598018408755,2.638654233033295,-2.5038864839209745,2.852436928613938,-2.748986505295286,2,blue
2.2039662587764806,3.9804130777666265,2.3290638475923,3.750938318500183,3.3309033298245483,1,green
3.587863557840964,3.217809940425948,3.0807138280524087,2.951515571611624,2.415981540737848,1,green
0.19403092754672133,0.268357629141033,-0.5267448843365661,0.17990294023993353,0.22701296166352208,0,red
3.5977552509261552,0.7935283738675372,3.889830085247091,1.652423501524969,2.719254453992386,1,green
0.8316315774332849,-0.7951353318492314,0.10299786670429553,-0.5423112513185165,0.925679138353446,0,red
-0.916548102762541,-1.5795824527030304,-0.20868163663164618,0.5558058413795729,1.163720768565037,0,red
-0.3589618013201062,-0.36075271588217783,0.1874231696371533,-1.4820205048374606,-1.3361156077798342,0,red
-1.8592741996736848,2.5321586188378484,-3.177807623870986,1.730061028433636,-3.3040068115282732,2,blue
-4.5202433237373425,3.27083776203847,-4.21209101471689,3.073853299318733,-3.204066110694921,2,blue
-2.7954909243860735,3.985560783280446,-2.432614056941075,3.2236443875554643,-4.281870296072016,2,blue
2.900435271766815,1.542325997342264,2.574959514134011,3.0719173511799625,3.1238242287981475,1,green
-1.8912680583306642,3.837932904151632,-4.0164406165467135,3.481853342526147,-1.9706126770438437,2,blue
0.4022840801133867,1.1872544568286085,-0.08424524874089115,0.31116456193310044,0.5345832372764496,0,red
-0.6024942154883355,-0.8602483508378753,1.3573028490862353,0.7247733668132467,0.9849423413395134,0,red
-2.3226019871821406,2.496694019494395,-3.931995375012935,2.192835869074793,-3.3773857600023116,2,blue
-1.8122073624732264,1.8970075325695304,-3.206548006070461,2.667508701746165,-2.544108597564416,2,blue
-2.9180834655214523,3.9788629834095275,-3.6555535372708094,3.420977316519285,-2.845227503561788,2,blue
-1.150710116911574,0.2068562464623805,0.6891050511445652,0.06373690402464552,0.8253175496677875,0,red
0.5512145143503383,-0.871144018426388,-1.1883197268879735,0.9896842106096291,0.2574093268216661,0,red
1.9688313881896429,1.5776814339508711,3.3934883898300177,2.145335901905438,1.3323781174576845,1,green
0.4978509090390933,1.0295571227544718,0.15222464348619907,0.5491919491077577,-0.06950896990695783,0,red
-2.076287652789114,1.622311981474295,-2.752398760326202,2.6094639822027235,-3.063147191052197,2,blue
-0.44435667979981597,-0.42359511442973186,-0.02537057401607863,-0.42093501770352976,-0.5521679689445699,0,red
-3.8613259544710257,4.13414681231683,-2.2278365143692347,3.217380024185965,-1.6377784304826049,2,blue
-2.634075670625093,4.149591332471857,-2.724543084492818,2.757506292277466,-3.0005488749989127,2,blue
2.837858576884785,2.481738485153751,3.805506707185607,2.530892220078942,4.414421042116052,1,green
2.8983287904755617,3.059529212564798,2.8258273054324388,2.49651016589578,3.1306393471574423,1,green
0.6055973924155159,-0.9581379006620474,-1.0228212943729706,0.4042941982655341,0.23004333870219626,0,red
-2.633126170855921,2.2824282622681387,-2.5697017544217724,2.2883884881257934,-3.3232909436704294,2,blue
-3.4246871823980065,3.645497672431002,-3.8558230394750703,3.170830654794705,-2.0565728973519337,2,blue
0.6127307114431496,-0.7044084935339948,1.0865998008820041,-1.0858691640115343,0.45457755017842616,0,red
-0.23840399565961715,0.16975311387166683,0.1931717707655226,1.221890056388841,-0.073815601980527,0,red
-1.8119796243753117,2.5849699713449765,-4.322513787154438,2.135143887689056,-2.0427444353327036,2,blue
-1.2931157703707568,0.42088499521590933,-0.5132661566397244,0.4419838281658862,-0.5912180004258976,0,red
0.01626950577001076,0.528238500144412,-0.2403315962336491,0.2510981769177079,-0.10080837643812177,0,red
-3.709679206117745,2.3556732881036018,-3.0520360797175687,2.4455746964584915,-2.471684741649731,2,blue
2.8994413183878893,3.033936220269585,2.8861327391667415,3.7466175534207595,4.712263754314347,1,green
2.7063289146140446,2.8423073311417286,2.5494319014940388,2.2139728163149286,2.4970717761785837,1,green
-0.37732569976711294,-0.45886636059431973,-0.6692443724493711,0.037584691392237475,-0.6436511924778128,0,red
-3.2206636083126714,2.801564016989971,-3.1870631172018307,2.952157656509979,-2.6286261969944547,2,blue
-1.6464982869394618,3.7220724807711023,-3.183234937571258,3.8796475835314315,-3.8569312699175136,2,blue
1.9106711767436666,2.9356267002464067,1.8344486101357866,3.588736817911092,3.063857558036157,1,green
3.6844800443193138,3.505287128889052,1.7789318857816028,4.143723236898333,4.069014166171584,1,green
1.125786775102646,1.2235313229096327,-0.4050056355124332,-0.3254753089816314,-0.21826941946686307,0,red
0.5522862091859382,-0.18615525294742472,-0.2903349490903213,0.5507072233344554,0.34412488134327807,0,red
-1.4636319565865263,-0.35035496836720986,-1.8775288530500795,-1.2268858514742225,0.5890146598917807,0,red
-0.6504457420425517,-0.464287546728781,-1.6451625538666044,-0.4072480886309014,-0.5880216311519167,0,red
1.957353440480009,-0.4112091833083938,-0.37911816197002335,0.8088035375299691,0.5281908766486544,0,red
3.331765250909533,2.855038675659831,3.763543171425044,3.9197452806458526,5.005867371896463,1,green
-2.4739382682061573,2.766036562135771,-3.2551891579934367,3.5669046098571324,-2.7404651666688267,2,blue
-2.6786465652364626,3.3588617523272677,-2.9662936826056243,3.4323330089180937,-4.959388810828235,2,blue
0.24082796475419235,1.1428060115938383,0.6643402874751899,-0.12388785259304984,-0.014729891303026342,0,red
-4.375874493655511,2.9375677026530305,-3.645282447044231,3.709058258504945,-3.4256720663157516,2,blue
-3.8889979278683446,3.06600295587432,-5.316923960308091,2.855230858393697,-4.2629591438691055,2,blue
0.4824574830336558,-0.8269752286139199,-0.11028667486581162,0.09318059564833703,0.39848260739037916,0,red
3.1553602321275265,3.8897306650338486,2.2131478024765086,3.0477770062515535,3.3321598328718514,1,green
3.945808633585558,3.4508909422799063,2.8245661713947614,2.2568215628944017,2.711689870986252,1,green
-0.46607993769346767,1.434768512229285,-0.010454905326007369,-0.8192993625895557,0.637140549216659,0,red
-3.3975335191984324,2.8229272669887364,-3.7702197136341056,1.0152248824118089,-3.147969468642744,2,blue
2.1435248466260357,2.8335228857883976,2.76139766945754,3.603922451434873,4.014960790422233,1,green
-1.8459567428341639,1.7599451104966517,-3.6417510358712573,2.9200192067052195,-4.272808580054891,2,blue
-2.755106648605367,3.363493112048663,-4.189449052016297,3.586205990837575,-2.5255837121427156,2,blue
2.983448964966999,2.4212123221137603,1.1221915689514725,3.684778619479536,3.5707568284387134,1,green
3.081623516080296,1.9666682949531373,2.5341826260057916,3.2477020210704084,1.7660723598838137,1,green
-3.657189994133306,3.4439428951862885,-4.3833262363621355,2.721432053557917,-2.766763257977911,2,blue
-3.860931631445369,3.1909417803255407,-2.614079093070722,3.883155647677453,-1.7757184485834905,2,blue
3.2381162042254528,3.6318673278092715,3.666519898054059,2.5483501581746446,2.870548077143117,1,green
-2.6603581531747866,3.015194997711415,-2.4788039277583938,3.458417256806105,-3.2742387554708037,2,blue
-1.8254062155429964,3.466398845465294,-2.9442004871870004,2.8356236387314016,-3.7373528685227058,2,blue
1.7729335749222312,3.2069154141391274,3.394056708553703,1.7752149487703066,3.6932936969268715,1,green
-0.310784041154265,0.17358129001240655,0.00975403170333215,0.07565958060042793,-0.5987708038655234,0,red
0.2984655589388128,-0.6846330261657145,0.11907495504420007,0.04508827942908682,-0.885340985741547,0,red
-1.2162908379877888,-0.5632380344756021,-0.1917271106733922,-0.05765588626111796,0.4807705394538802,0,red
2.944537902944371,2.971167779577758,3.563619420942905,3.0402371101271326,3.567500563564011,1,green
2.4994344782221063,4.375149904283453,2.0754128858374736,3.7119737613977155,3.7750477308580135,1,green
2.515441215009014,3.306588098674627,3.382674136799359,3.201917030765833,2.5737354607649157,1,green
2.7825900203198994,1.6886412905545816,2.9238264526303364,2.234240621159149,2.145163390674181,1,green
-2.04656870185611,4.305206447911952,-2.5639943605291635,2.31849873222646,-1.4608290812983336,2,blue
-0.6421367742780444,-0.43391436790880217,0.5788511374739389,0.472790774608802,-0.016190305066467035,0,red
3.6029158970658943,2.573053379998437,2.36622587012398,2.997386156528979,2.8681755582360715,1,green
2.9234004040156956,3.7119135825005025,2.7751543049058807,3.2071211958608687,3.2491860491817244,1,green
2.189066239822241,3.41568943464691,3.918442488907746,3.556898839781298,3.7715352198308727,1,green
2.769508301409523,4.065617915443996,2.883767442083529,3.0972711025942146,2.865939141370167,1,green
0.7213664783982193,-0.6500550982573431,-0.2395148764225965,0.25659555060670525,0.7556540061637389,0,red
-2.3408972726403228,2.8935922702580816,-2.6975472277892063,2.920044773985221,-2.794451208012953,2,blue
-0.5797751781888002,1.2015171537270932,0.089601186438975,0.9134796708217006,0.05229959081251341,0,red
-0.04855101997886188,0.7398500601118406,-0.7635401122760883,0.39043275206289796,-0.4107357850312143,0,red
4.304364781046766,2.644549778414386,3.835542580750509,2.970171467787165,2.8662834684456904,1,green
-3.7875193650693655,2.81093607806508,-3.03044729407328,2.895819238778728,-2.7413931819029402,2,blue
2.750331638120544,3.9428069361703204,4.178406346682735,3.773288296572884,2.665668343391632,1,green
-0.3634218974095053,-1.326988300196371,1.0487050316065882,-0.08872218262811275,0.9588083923874204,0,red
-2.2352139720229314,2.9411685900610207,-3.24775282617834,3.117551235326649,-3.6468989099432836,2,blue
-0.4048995106298956,0.8125590523368414,-0.5455822766956754,-1.0909894289187552,-1.205759773055739,0,red
2.413789045095782,1.8986701932497552,4.162928046224873,2.750053271601503,2.805705580918126,1,green
3.12438007088807,3.002359437065277,3.3384508509499926,3.92227063869428,3.735521470577326,1,green
-2.252206323941573,3.957502739858167,-2.9313261253382965,3.1528400897454016,-3.4784311009541367,2,blue
-0.21773935059226612,1.3924819960379307,0.49639474584460785,-0.4424333430264697,0.443520715303505,0,red
-2.6595638106340393,3.6033616211710906,-2.645410662609622,4.297056261541069,-3.004334657545992,2,blue
-3.70463774485834,2.274585281364563,-3.5172598202283543,3.2263315141381903,-3.1451044337098546,2,blue
-3.5568051731846255,3.577078633921951,-3.1508118770823046,2.9502800518070753,-2.9289288311516595,2,blue
2.480539819723204,4.078598983464172,2.806314802636209,3.2236211236714127,3.201644429243006,1,green
3.828934810187884,2.979456720921588,2.316902832470515,2.8736888728658396,2.4230008924237527,1,green
3.2715969070331097,3.37892272164818,3.49165313544401,3.859569801437091,3.317444166649844,1,green
-1.4259350480819684,-0.9911560564715948,-0.48398238916327385,0.020210040590324153,0.4009769530581916,0,red
-2.168874778031218,4.831047760843713,-3.608822162949385,1.9302474503231597,-2.764663127790838,2,blue
-3.512769190018477,3.3298908113896863,-2.985168195390381,2.5031063768922635,-2.622095753123634,2,blue
-0.14251287953472078,0.01427886315347399,0.26923563126242506,-0.4180960505584793,-0.6028722479515387,0,red
-0.5575889261953135,-0.35680925770894195,0.818843355410314,0.26616558259018575,-1.3656450320829612,0,red
4.081092031152161,2.5645465190583896,2.8379374334650267,1.6960143834317478,2.3757757306506395,1,green
-2.4823056835197495,2.4313114208218103,-2.936486515109454,3.3542078783243636,-1.8723248782577129,2,blue
-0.9917195228256951,0.6758025405411235,0.5036436667836678,-0.07682129375265707,1.4303988664366203,0,red
0.04587040174531917,0.01078958312066046,-0.018687212120569185,0.1534357959182765,-0.11182109424661436,0,red
-3.41147682325651,3.3748092423339786,-3.8538318277943278,3.5277788073451153,-2.6834941404264807,2,blue
2.57253251829793,4.981572645934571,2.5629356894524813,3.1429528247606,4.194513232863218,1,green
-2.326755747595965,2.647140600434066,-3.688802983699198,3.739972630535493,-2.3214170724067364,2,blue
-3.5303119826970764,3.6124159557285327,-4.526035855259519,3.6914029252204585,-3.9381697422996744,2,blue
1.5962484787598858,1.3596811699400457,-0.19284680017243247,0.7525756225410244,0.4999060609572148,0,red
-3.6386659232617706,2.528588427443932,-3.40974437076938,2.181593969056275,-2.0526039300223036,2,blue
1.4304533435789788,0.4523088274297153,-0.278306456808465,0.45751926452565506,0.8587981006956269,0,red
-0.5446781167916457,-0.027101968200733826,1.3716562742539677,-0.48564659468653726,1.4039166161959507,0,red
-2.6617037724978743,3.313165370585133,-2.0427672303066196,2.170365387165012,-2.4731068703536683,2,blue
0.6086781855803638,0.3295580102622363,-0.7490164997038643,-0.03695705755257179,-0.002790514780366529,0,red
-0.5943848663636528,0.6756966597144474,0.1420161069769802,1.6962140583656395,-0.6261051595897025,0,red
1.521869543932066,0.027315029902924927,-0.5420050478743618,0.1657481261393183,-0.08700893315290863,0,red
3.559554193695532,2.711204682206914,4.33770044706584,2.6904431417145576,3.174040040196847,1,green
-0.6368891797881727,0.1887593023583802,0.18975029005632366,-0.39267649513717834,-0.36486470261710474,0,red
0.6366429423302821,0.06742636912452356,-0.23161009774958186,0.07107759187141215,-1.539564261137762,0,red
3.4049866275935434,2.5556138878053507,2.9811350139539083,4.659395484395508,4.3381491855308845,1,green
0.33278084158555876,0.16087419071901307,0.21036406272801136,-0.9889651942892193,-0.8373827954619611,0,red
0.2974958175191224,-0.025325242975373863,-1.6014337645405061,-0.06903208576927529,-1.0104377302181609,0,red
-2.334166085825121,2.700129888111751,-3.0351753781565107,3.019665785989453,-4.4869724328229905,2,blue
0.1922708393854085,-0.35581942276364475,-0.6582866179610564,0.64317535784708,-0.6631196801405145,0,red
4.342000348012062,4.728357661318848,3.4942322579818703,3.387952462099976,1.6049066780136754,1,green
-2.857590754992225,4.3946699641303555,-2.0403162816442286,3.1624014847468422,-3.3808197518691716,2,blue
0.3197387311314237,0.6367650618478529,1.4692495266043664,-0.19007681732726625,-0.5838415223981628,0,red
0.3847531284876054,-0.10709906716220097,0.501697384318682,1.1797338539289912,-0.181374424152349,0,red
-3.200507756344973,3.273049174380313,-3.441792268721366,1.5897667473850672,-2.790814469685851,2,blue
-2.3380876053313773,2.1541916377219286,-2.3104172510514855,3.133106180248725,-2.5714534477459994,2,blue
2.346823995918857,4.681604998087861,2.8637594355230798,3.095434032969803,3.427178735416333,1,green
4.020232944169232,2.908544512250462,1.3564182626142185,2.5291831133049127,4.0046476557906034,1,green
-3.5397171297768804,3.4508358402738843,-2.798262290292114,2.5826148929452066,-3.781223099033327,2,blue
2.080090220223288,3.239986090203886,3.4909214610122596,3.3205274026210625,2.856476796581775,1,green
-1.4862737924070708,-0.020537559611646935,0.04665412000803436,1.908019135866458,-0.1490021626115358,0,red
-1.6023579640070225,2.8521265587824645,-2.4424778953519137,1.9982350744129154,-3.7408524318246217,2,blue
0.26219818979538106,-0.3216806348838046,0.49015072584233854,1.7588711245257103,0.14087299541573242,0,red
0.5187261258062025,0.2839657803763883,-0.7280277519765664,-0.3980396026023915,-0.820463266070723,0,red
3.342325755158882,2.155380506468785,4.092903521876421,2.923633961105872,3.0146008551495367,1,green
2.479762776210438,2.980205901724466,3.9083919922411354,3.4210708691480027,2.7129233727929454,1,green
0.07519594638311783,0.7503091833442243,-0.5438079881480756,-0.2538060073911459,-0.30372566939859885,0,red
-0.8623765256206566,3.303964101133848,-3.3942415292380974,2.980190222957939,-4.370320303562474,2,blue
2.8583290259040695,4.064974694890841,2.499638298400826,2.380948533564296,2.6260684756198955,1,green
0.23842222497042587,-1.3246907407938835,-1.0442999374830086,0.5757298915967838,0.13235179926239052,0,red
2.4954611195813703,2.590535279011153,3.454195615890746,3.959169942710608,3.016476892489268,1,green
2.8660365580248786,4.325883687430661,1.937329944156787,1.7501407155880444,4.1395636355634515,1,green
-2.1904779489112856,3.1122296329304677,-2.9814847822867385,2.7277957034921014,-1.788985219601009,2,blue
4.472655972777211,2.953012335665717,2.4512704778830274,1.827481873299209,1.6032940125949782,1,green
3.256298725791167,3.645648757378585,1.455659011916122,3.2897429731118235,3.9509483125008598,1,green
3.2188854884426603,2.807364681988311,4.24504452950512,3.380307562219988,3.569233885373744,1,green
-1.5985173278592664,2.83110237568729,-3.6565744178444164,2.4948941188464344,-3.844026121420895,2,blue
-3.5229908429393664,2.8880563190205533,-3.6138058314471695,2.761454024887087,-4.466787613849223,2,blue
0.18142195171007386,1.2010125173910624,-0.7733217146800437,0.7624528513197499,-0.16575504599191387,0,red
1.1164054891773307,-1.112214039793505,0.900982768201658,0.007926494981916986,-0.7602733319334442,0,red
-2.3127074728046946,2.408761126024963,-2.970613479024056,3.5293043618275917,-3.1621337874723863,2,blue
-0.5657395602532153,0.167668102518907,0.03529979540070028,-0.5047274589320587,1.6606919506313627,0,red
-0.17116231580205896,0.4757314802126704,0.5867629491273859,-0.41092442196789913,-0.4460268912918601,0,red
3.0438808431380795,3.410298243246071,2.9453918813298334,3.3768425528882826,3.049941666963213,1,green
0.6473243265170393,-0.8750671668370635,0.4103845515634003,1.116634252044649,-1.9145275973476295,0,red
2.988141041824008,3.4487172661109073,3.0926265550802725,2.2462640394508093,3.9268602996985953,1,green
-2.939983848424186,3.1996542590831063,-3.9618636057634538,3.2588519397369495,-3.120263142089251,2,blue
-4.12289035876032,2.285930459245556,-3.7776620364747613,3.1605485829949993,-2.9462861075009616,2,blue
-3.1472036035380233,2.723123966055429,-3.1397307958520306,4.0634038558576915,-4.713300869337937,2,blue
2.579646682241407,2.3897853296893192,2.519093518288111,2.8697563581706778,2.6343202109355173,1,green
3.5398585603471973,2.7414245351071034,3.908698436879735,3.286323610887764,2.9168841166518544,1,green
-3.248388074690176,4.390564736874172,-2.8217879562404806,3.385550138948161,-2.484177292391488,2,blue
3.4597670600846477,0.7223847573135354,3.5080585568528555,3.1508420078099237,2.9855082595713576,1,green
1.4698101775043815,2.272393932647356,2.88839025925889,2.0629744813963455,3.4647027960373333,1,green
-3.5590555048815338,3.136964858611552,-3.423456572661948,2.7895768563590115,-1.7037495847195552,2,blue
-3.484647542914612,1.9781155171576237,-3.1572281256471895,2.380292792752845,-3.049205923912036,2,blue
0.17974510857491993,-1.121681307704574,-1.0902167517101264,-0.5565045008179283,-0.16533545277507847,0,red
3.782200953947934,2.466961034687958,4.74472927249996,3.760472276199932,2.748386692269118,1,green
-3.1501370815053513,2.7951076849558616,-4.552185113087835,3.492192689776051,-3.959925424983047,2,blue
3.3562928898645072,2.4750439318962583,4.5595630558274,3.1057598126904717,2.717023143151509,1,green
-3.797347741649915,1.9522261020036729,-4.179214355033554,3.8618847091709148,-3.4874253288300263,2,blue
0.9060852696567729,3.525079964669647,2.4933551544176495,1.5819978554911005,3.395975830899638,1,green
-2.6646307613602302,1.932902072426991,-3.4374720625049875,3.791160098658502,-1.3822991842335082,2,blue
-0.5621587403912879,0.14466891368895346,-0.5851171034027484,-0.47367965337943274,-1.0895950003702046,0,red
-0.612298880308414,0.36519781909029647,1.457809906400441,1.0421578864823686,1.2340770544749518,0,red
-2.8723768011567694,3.0394174443630253,-2.8657301241379067,3.1889653345507325,-3.1728917230073095,2,blue
-2.4819949409950044,2.154372137534478,-3.29984614020104,3.538761230342142,-2.3422883331724473,2,blue
-1.1798555030777564,-0.43293900126286944,0.2921870620233124,1.212649698662427,-0.05092993322889431,0,red
3.746778709414615,3.9213598788820656,2.049099075260071,3.4627441043103295,3.543126070756939,1,green
1.6361190314334593,3.5835359105085507,3.295244015383663,3.9990381874575247,3.5214440324891907,1,green
4.269654417994715,4.299541462567336,2.571192391841738,3.4407323979916775,4.261350600479445,1,green
3.2392210229109706,4.318530026447531,3.186486610941142,5.015255074665944,3.4380418879301256,1,green
2.0519399460154233,3.0264009409897943,2.403581299816873,3.1810897885886966,1.7948084147633447,1,green
-2.794051608887701,2.661718347070935,-3.0512261030173926,4.626437504222151,-3.1913452850148927,2,blue
-3.349853925864597,3.1510657030470606,-3.5873627649058686,2.124229127364048,-2.5176499600675646,2,blue
-2.5123684808728095,2.3769796915489363,-2.3064606655440167,2.5107819946214347,-2.8038990498480523,2,blue
-1.6402143711504542,4.218455839802581,-3.3608114423530626,2.88316161102443,-3.057279538018777,2,blue
0.014266815173053398,1.2985627582805785,0.2532368548015859,-0.1697145398443939,0.6424548006350275,0,red
3.153301033677139,2.4954137841163115,2.625183644648385,2.7518600420722046,3.328557529288586,1,green
0.46941328983952585,-0.9918163116426502,1.3592577285694223,-1.6126555849426247,1.3140694523909668,0,red
3.454451064487372,2.6321412093695913,3.6749039845294873,1.9574086228141518,3.09789320137679,1,green
-0.9456614249321692,0.16178504501648566,-1.5179539507693194,-1.0288084896097303,0.1524880576069851,0,red
-3.1429327274308143,2.5315667971071423,-4.70842412162101,3.694864488197897,-2.012486039326403,2,blue
-1.1336338042082614,0.22937378030908584,0.20221254431847116,0.003960866483560944,-0.18171041215929642,0,red
0.15718349606383683,-1.1740903428992358,1.198692374584137,1.3910808639449368,-0.47466407859805587,0,red
-2.71833195488869,3.6869800183616412,-3.325920683929416,0.9827846206641038,-2.8458954281396696,2,blue
0.08793015753275225,0.5128842150866195,1.2285233431471718,-0.9588077625267626,1.6522405473896653,0,red
2.648931062584278,3.5394193973015504,3.7399762326677584,3.0684796796596756,4.144489879489505,1,green
3.312727983247301,2.9812581638793185,2.2999955486911117,3.2512476192591135,2.086719704864443,1,green
-3.098799123809119,4.170535575677442,-4.124075855998148,2.990635941263812,-3.970099790622271,2,blue
2.7739639630508885,1.7891576061946686,3.684053891952778,2.9397075664507906,2.8602008600677107,1,green
2.9224209859476717,2.8422349915010003,2.3199176126463463,2.3595012318995057,2.8245702046795755,1,green
-0.2591035431395585,-0.36789105609713657,-0.5060666474696917,1.3675149742199912,0.3136974844140733,0,red
3.3974500422356866,2.7989560080308045,3.5722801376961586,3.476661603476023,2.27541229711668,1,green
1.6967196318736786,-0.7672661382089303,-0.43865233514932134,0.07718961548225393,-0.3899905647225851,0,red
-3.968561665926734,3.4682555583002954,-2.316547748762649,2.649812333991222,-3.364093082057623,2,blue
3.7730553069666133,0.7565702307784354,4.6176480904513175,2.891874338970345,3.8583947187555254,1,green
-2.789700636519772,3.4271716859662344,-2.7361807273966083,3.3026317590371743,-4.027480892431426,2,blue
-2.700379408239918,3.8450698035567075,-1.441302015147112,3.7929620046851786,-2.806886392202645,2,blue
0.4422098880844966,0.8796053625889647,0.7389665884523359,0.5045654936345132,-0.2442065068126901,0,red
-2.999591044828183,3.465692745245993,-4.118405131445316,1.2213858817241607,-3.4264440099108806,2,blue
2.3040496938845445,3.021829030633497,2.9929364555725755,3.8411310884372365,3.3676996700836295,1,green
-3.5381224774199067,2.682971186658556,-3.4059571274282403,3.1180135764200334,-3.6370437403410585,2,blue
3.2318310359115574,4.0083244669824225,4.209541371967903,3.0247903072682507,2.4164050270828348,1,green
-3.8499668830546616,2.5438657173814043,-3.648540690372125,2.529141847766213,-3.4176026501716636,2,blue
3.3468000394956774,1.7832045648168624,2.127209671572808,2.075189666719175,3.110723245095037,1,green
-3.6345944093901785,2.6311208975290374,-2.3227010529991317,3.2033791309165083,-2.8500458994559463,2,blue
0.5482222918530246,-0.4356848911666956,0.4898609282749437,0.753337437336849,0.481651925634613,0,red
-1.3109774649861197,1.1847845828914383,-0.12239239195313133,-0.33066065494351227,-0.7839726780012581,0,red
3.3631109773818677,2.226653964185554,3.233767000404218,3.5934032320083693,3.9503783886025,1,green
-4.74043299425869,2.5300519724469748,-2.836340355695278,3.929577162475042,-3.38102599743004,2,blue
-1.9765222975459833,4.099619758941466,-3.465086094155296,1.5541843706699063,-2.2195832516371232,2,blue
-0.1370627330484057,-0.6183583866841402,-1.068416079840787,-0.566175974387555,-0.025660042850096203,0,red
-0.553334229071155,1.4452227218883853,0.36702940231523384,-0.9227797209889025,0.508564238426241,0,red
-0.3160938247419696,-1.578724476448112,-0.7808602987445556,-1.449109190870504,-0.272281173931867,0,red
0.23357756699023757,-0.026887621197158897,-0.9052541153557626,0.8852267456565125,0.5824448226118227,0,red
-0.3003123369861407,0.22143037950692662,0.25906911552914785,0.5101062001604297,1.5570977402225268,0,red
-3.2725970806157414,2.4035636117944046,-4.00396765107635,2.6466903262668247,-2.859467544347978,2,blue
-0.009486309456177107,-0.6950102476152857,0.05871795829018262,-0.5245272062751439,0.7553244976170332,0,red
-1.5120807075770666,-0.11757222905506486,0.455708548600407,0.21765536483149975,-0.48234097399130305,0,red
2.2615548353501826,3.095020018184369,4.258470522518909,3.250256128856636,2.804527817781554,1,green
2.8522980474857422,3.168422779348619,3.673951566206005,3.38395353942691,3.116513982915165,1,green
-0.3886593347290358,0.7090674313886269,0.25464951455183327,-0.4103504893346378,0.3975752441197315,0,red
4.5539128693570845,4.596833804091959,3.9359964574413344,3.7932354215885793,3.458969401287054,1,green
3.1097734492806532,4.796544936543202,3.304662688348137,3.148760605963948,2.7605594164210383,1,green
3.843341054464125,4.459794275475059,4.195391296828113,2.621338866123727,2.132748065349633,1,green
-3.2384274165084928,2.350434233649565,-3.6868200890807326,3.4142677273861444,-2.048035796209248,2,blue
-0.1868606469164589,0.272700937528464,-0.969438269402322,1.1183352534838957,-0.06363402915714672,0,red
2.169524692352094,0.7371316457980801,3.338157770225244,3.7001849171166965,1.1696804057866257,1,green
-2.169986243330338,3.1476656940327685,-2.270863959415741,2.2002104234153532,-2.6917670325101124,2,blue
0.9929872706407341,2.576880869791975,3.3034900775802845,1.854440024724863,3.1420299831333196,1,green
-0.21305412848288066,-1.78306046706066,-1.173661950043464,1.0587762548344215,1.274186511887873,0,red
0.2855731170911859,-0.3046789339121745,0.022265644103245826,0.9902845545611841,0.1480247015833688,0,red
2.7711830516170703,3.130489311115612,4.020606662482712,2.2203354814846117,3.8829461367903333,1,green
3.0187603104695566,4.093901338459149,2.938310043607311,3.350405686633831,2.177073511673719,1,green
3.284560097974021,3.7076596085505007,2.377860259998135,4.156231593730881,2.7899885616796696,1,green
0.08592026853290191,-0.8915557913896552,0.29101443365118324,-0.4652527286286745,-0.22594500702843084,0,red
0.8434975053794468,0.04979108869012441,-0.8348175152764428,-0.5540718706888498,0.5264141527488098,0,red
3.6199945522705197,3.584271551711324,3.920928337560921,3.5486498008528726,3.2722306109725996,1,green
-4.733726458325781,1.3573127253089723,-3.4700757454468087,3.354522505113587,-5.128208099899812,2,blue
-2.458689833339829,3.3260842405648017,-2.618883839140746,2.5925351629647246,-4.6679722534669965,2,blue
-0.17015711264492547,0.2766182084372598,1.1447718045486022,-0.4014503848418238,-0.6262564519041097,0,red
-0.6138839242947708,-0.0888744654008804,0.39116146430758186,0.6706110897826898,-0.929745599007924,0,red
0.04125065005590001,1.3856530587413163,-1.6640557196431,2.777344108890758,-2.7774359876726242,2,blue
-3.2862343282693542,2.898161765296194,-2.3601466123650607,2.66168387659148,-4.2444492711118205,2,blue
-0.43554604730608065,-0.7845356123151648,0.2434149371463198,-0.7033524244898072,-1.0939657430117355,0,red
-2.5626581303688134,2.2101713995047674,-3.0182434176206576,2.8649457725603926,-2.8254772340333667,2,blue
-4.237901800002855,3.357997407761529,-1.431976508288522,1.9440899564458345,-2.853054234434421,2,blue
2.6258225183257196,3.1137053781519315,4.248820728729063,3.6946887469142515,2.7919970545428847,1,green
-3.7862885799562425,2.371912472587033,-3.974115620827098,2.818728996599371,-2.6387603564809967,2,blue
2.1156514148829273,2.8499920278748236,2.4447518180231165,1.5541869533979416,2.935955816135644,1,green
2.112044676767405,3.234420423368502,2.4157404388857167,2.9503186503584122,3.2546582679928777,1,green
-1.201138728818397,0.05310865191803651,-0.8228569183750991,0.3668431193479899,-0.7121829494574053,0,red
-1.1311961302579983,3.6077518680783953,-3.0149190259905883,2.7963656393211442,-2.9825979942562526,2,blue
1.9838560238312697,2.174966504218221,2.763573960636658,2.5278738783453774,2.8551726514637332,1,green
-0.9766765113279566,0.7109728070121324,1.643815121816159,0.7997441519304587,-1.1768989149735247,0,red
3.0120674783665593,2.150828969118559,1.884541382804201,4.235098311062744,2.3439465606163474,1,green
0.5530624045605079,0.3665682877544194,-0.05641303316849256,-0.6559235935503982,-1.1733956146513758,0,red
0.8371691501950038,0.6459533233202627,0.35567935995238753,-0.054350126390826974,-1.286574806841712,0,red
3.7287182287340253,2.238968537393479,2.825999910211082,3.4260685238137043,2.249923610584168,1,green
-3.4936564581302982,3.355064813795563,-4.6166041772261455,2.5471570530534184,-3.0240581459519955,2,blue
1.3900585438419908,-0.40093998819517584,0.17334540195586495,-0.012721120597252795,0.9205254713618692,0,red
-2.9703809764654894,1.877925915133048,-3.23212853339551,2.9611116708589202,-0.9699424009170894,2,blue
1.870985463266535,2.7604876788179427,2.417382153480888,3.2472315126774784,4.038308450772789,1,green
0.0992292531050264,-0.5275403454614344,0.6511596930660054,-0.5055203606347548,-0.34561220123889824,0,red
-2.7460256126736793,3.0665324365859514,-4.719062676776623,2.8219979715635315,-3.659496588148807,2,blue
-2.8905826897816733,1.3496703011437903,-2.4049492487097854,3.1668454156926957,-2.606296804628163,2,blue
-2.5858780906099437,0.958358580396756,-2.9973853438328364,3.2539291885910906,-2.284063428434636,2,blue
-0.11391015789893073,-0.6394273791036608,-0.2489444024857795,0.31985532910694053,-0.43665916097160357,0,red
2.2178659593008265,3.4795948283212983,4.593729137818123,3.016106736706552,2.436091346525909,1,green
-0.038314424745102375,0.5227129309714805,-0.8696567383862214,0.29621331567964665,0.12893332606972313,0,red
3.280019426543701,2.114073489285221,3.08408998650833,2.974260159927875,2.8387933755436854,1,green
-0.1447501531430684,-0.34061421310120854,1.1208242496864897,0.15225067520936986,0.7992633434474169,0,red
1.1155099984044814,-0.5239312242756897,1.3950024608350329,-0.031106214812672287,-1.1082736285342834,0,red
-0.4458871428931875,0.09450839603906773,1.9830329563196294,-0.07440767837438468,0.8902232905889651,0,red
-3.639360247278546,5.284358719122765,-2.035875342488399,1.9534622960377184,-4.024371528505467,2,blue
2.8269039943659875,2.7294203732167377,2.98495763796138,2.765157950035214,3.619632332831009,1,green
-2.6016599788469934,3.44311378896658,-3.0481729546244067,3.8709203676061623,-3.2587751103864795,2,blue
2.982286475111279,2.225943819298783,2.6090030272999907,3.6511414726281144,3.4234980008913,1,green
0.5851235274988719,0.38800878509965653,-0.7572110366205006,0.07694247293355608,0.5820219630747273,0,red
1.6266149556699434,3.977480191297272,2.2984227765273904,2.4935947716204243,2.538602745637839,1,green
0.01898549934350537,0.38574781768667554,1.1240510051891088,0.7430479867861275,1.6678479598576434,0,red
-3.421468893725307,2.873901157180259,-2.9683041430303665,2.2237089347960746,-2.426159929544568,2,blue
-3.387089329966513,2.5923701631461356,-1.924598181217615,2.7017633870618942,-2.7033380080634997,2,blue
-0.39505700381142295,-0.20904422599000622,-0.7581471142193932,-0.3441480794213962,0.292255705215712,0,red
2.2473579297782638,1.9313523647294464,2.5145469252763464,3.6680071112832824,3.7382874855189545,1,green
-2.131653378972907,3.0001603917959523,-3.007203997776847,2.7460138447272135,-2.8797898131855266,2,blue
-1.9616833340352609,1.9933487024671557,-2.357292032749109,3.6285050685432028,-3.88944091888005,2,blue
4.219204904274642,2.0505260001678076,1.865700095268577,3.173859631061748,3.8110788575717858,1,green
2.814923991808279,2.7158590324118768,2.696545442602447,2.285504143413038,4.251264628636695,1,green
4.270311062125257,3.5748494827368265,3.0584306454419385,1.7591226178657247,2.8094008162692696,1,green
2.813122624303465,3.5209733487710526,4.4716422187218985,2.8972623418230388,2.2451328465239024,1,green
-2.953576384216821,3.214855252266817,-1.9460383836885873,1.9861920782070268,-5.338904058632982,2,blue
0.5720137532105943,0.1327412998233891,-0.08958077434142962,-0.23323391969976465,-1.1452582091388979,0,red
3.2170119004725017,2.372883810062512,3.3284762725969483,2.632965620003309,2.9888053191147095,1,green
0.4846398436319267,-0.6639513882152214,-0.8295097621138293,0.37372152584826523,-0.17309352921282875,0,red
-0.23977364086817785,0.2526215527584032,-0.9691084091108559,0.7157482513668018,-0.1432245790243736,0,red
1.9049414594390028,2.9138446633464476,2.299836151619449,2.4302609563425874,3.957473656390134,1,green
2.905694785517859,4.172313130179733,3.48862462977474,2.206668297193586,4.436173926347856,1,green
-3.633952118650425,4.186966935588819,-2.6128069146773956,1.9161020977493752,-2.7152200821998584,2,blue
-0.5367254645743671,0.6968270671606493,0.23803318533052528,0.6296402898052333,0.4877084038124025,0,red
-0.3190385260957505,-0.37769815706796994,-0.33505813153821035,0.30554131566139614,-0.32609317664573084,0,red
2.309685470539413,1.3332109573077946,2.442946234240864,2.836459220227909,2.2353340263253103,1,green
3.033774309730883,4.312980890111972,2.517697878295158,3.150742286636329,2.4248847573085186,1,green
2.9806142011147676,3.6334390515784767,4.076850137023177,3.432078005368724,3.008019104848606,1,green
-3.6669958271445573,4.087045704572493,-2.459406449638538,2.6568195769065244,-3.371413655472169,2,blue
3.72238175213404,1.9013386275038182,1.6360833590686377,1.8182317003267678,3.97799344115194,1,green
-0.7151333973705092,-1.0470103933754,-0.7559081713580935,0.816147426226045,-0.7354012170707884,0,red
4.185714496172056,3.944048870923324,2.834667863104121,4.154711500355196,3.1151573171733564,1,green
-2.0414845424812715,2.6457756611311547,-3.033170848529604,3.0449442171228647,-2.3428082645621733,2,blue
-3.7031449136251764,4.176832266885047,-2.6043421495516244,3.7982842890093322,-3.5095564543258226,2,blue
-0.34586899463763515,0.6633636536253839,0.16583630110869438,-0.9649451087352593,0.13414536834048188,0,red
-3.47743149371637,2.7093741334896175,-3.2461010557151146,3.9927570147639337,-2.5680143618965685,2,blue
1.764748315665963,3.3978329318709735,2.587371703895742,2.0937863157692753,0.7751552564038633,1,green
0.16141262896336186,-1.5815210285556538,-0.19146277721228244,-0.5282627269742526,-0.7758515235102232,0,red
1.9775149594846626,2.526125699839876,2.971311420366927,2.6674639267909708,2.463653015276787,1,green
0.1517010822854128,-0.7578442948171423,0.31623122478508686,-1.318815588947791,0.7971805288035396,0,red
-2.178976807309625,3.4779307534442885,-2.470509479053255,1.9419352557726846,-2.061232225612445,2,blue
-3.9106116658952654,2.306681881434042,-2.5373890113639024,2.2654127946461258,-2.6412019489683214,2,blue
0.36607243576905363,0.19831977942631002,0.7611891630578311,1.2900709573875218,0.7857276737413108,0,red
-2.7084344348140985,2.3012738705105695,-3.673638126117664,3.871758035456187,-3.9213144905712403,2,blue
2.9190939832159986,2.86923125552141,3.0542621722206316,3.899987063264253,2.281675351045331,1,green
3.8366016343232734,2.653505949543945,3.9922710070438616,3.052560652444207,3.66055564836649,1,green
-3.3161135507281614,2.228644712016096,-2.4956320358609783,3.664953375668885,-3.181736312024551,2,blue
0.10009429715345883,0.08473684353330622,0.5621764095185632,0.3725881487776629,0.17341981950299457,0,red
-2.6267481535723456,3.4239094892420887,-2.5748364093626788,2.8025120915094863,-3.0971764519404017,2,blue
-0.09908454029839452,-0.7401584426146293,-1.244347968986753,0.15760225465451302,-0.585866768075535,0,red
0.8546139629778576,0.08848035618890229,0.11642324380949834,-0.2816528084763802,-0.04410989046221766,0,red
3.34119026490914,2.984788626360159,3.427956878480902,3.1734431424425775,4.056658633435385,1,green
-2.5762033557069346,2.08534632626411,-2.1368501268459665,3.5541319841783787,-2.4436957289698564,2,blue
-1.1016729862707024,-0.5008332025561203,-0.8377634812244862,1.306854291065839,0.6829152192039153,0,red
3.0877388827261676,1.8859146685519932,3.71203167099235,2.4824578167680986,4.451050217955588,1,green
3.1430527497974565,1.956520463082659,2.247391001981383,3.9298366148049046,2.491171879464971,1,green
3.455910871651671,4.293502467021949,3.305711252445322,2.0736729633452398,3.3443877459391973,1,green
-3.587527959893878,2.8215323741853537,-3.715907915152812,3.6895447242213204,-2.1980993134885196,2,blue
0.5068694578778703,-0.04305570094812247,0.2168627654394463,-0.8718000673050929,1.8944713372019581,0,red
0.2161291445083815,0.4708746116699543,0.14454680524698876,-0.34580599086827546,0.15034146203213222,0,red
4.020449055318845,3.1530599956381664,4.607490159742705,2.4661574116260154,4.34467177985558,1,green
5.473370486582404,3.2314130077462666,2.4176651566307132,2.669744826073381,3.8895822211484794,1,green
2.568168720203443,1.9389551745009865,2.931617019393302,4.998234260558188,2.377476356496558,1,green
-3.7853604276032216,3.0663729898197993,-3.7168308329798014,3.1978194065237067,-3.69353227912001,2,blue
-2.6420891711003365,3.6068116792056877,-3.1948411833147796,2.5371705933540243,-1.8982370426988666,2,blue
-4.430050968883682,2.280003983671173,-4.1592065764152135,2.4964936254811723,-3.064630773487885,2,blue
-2.3700939709351183,2.7839162433231373,-3.2167012947033093,3.6122194381437316,-2.736597399855683,2,blue
-3.6078739601833103,2.7130056609051683,-4.088747531451457,3.0120979094564637,-2.301099106452244,2,blue
3.23861492185792,2.696630324161882,3.2084648322916087,2.7341644064903003,3.481467515576631,1,green
-0.39598596022762794,-0.7665445976376136,-0.09743412934333205,0.04316433145259665,0.8475571057198777,0,red
-2.418603876835595,2.677617200218941,-3.8753479460325857,2.651421539080602,-2.0262164038787116,2,blue
3.282697576913371,4.861677707128639,2.9553686717320837,3.1557706517730515,3.813833395671419,1,green
3.8575409990113214,2.90675315136213,1.3170574062951217,3.656410008563748,2.585336570209006,1,green
-0.9665286966855122,1.2644603588575916,-1.1077827479127316,-0.3408569937135619,0.10127121570051509,0,red
2.9374772058953287,3.060910556504014,1.4522004052853772,3.7097843647583355,3.2683888193611432,1,green
-0.21125076875019294,-2.0889994109443872,-0.04205662276160827,-0.17888111791248867,0.5392791312891949,0,red
-4.626673538145773,3.484516426421166,-2.3143026417690287,2.5411630497465634,-2.9043003662203466,2,blue
3.069388897328699,2.8471423169165693,2.8828242183367676,2.849024695231228,3.8782145407188224,1,green
-2.4339525473698833,3.0110558708059596,-3.7389182969227956,2.6847110277465815,-2.4683800092023853,2,blue
-2.997137344896048,3.7834758982881933,-1.96089722396211,2.424874186511449,-3.3759162836394063,2,blue
2.6990549002984956,3.87073396875315,3.7339508415785323,2.4013315327727067,3.315301345813793,1,green
-4.3198132559711775,2.2839117247678105,-1.789391565518626,2.7877658714198117,-3.188524419770627,2,blue
-4.245210516546498,2.4091959269746623,-3.595775102317809,2.2719541884713323,-2.357491550220062,2,blue
2.0475949794699413,3.384741563933842,2.6395720700149377,2.9179327576444,5.048299548930271,1,green
-3.0352536336200435,2.671387949178656,-3.4413906882378638,3.2552363690608255,-4.175197692102671,2,blue
3.926906763865206,2.527664193353808,2.8961907490739773,3.0113774267144064,2.392020380993238,1,green
-2.5580050729278514,3.7499526132594507,-3.256630370105583,2.5257634646630143,-3.8405539834973124,2,blue
-2.365777564298095,4.191276941522528,-3.8695194679912492,2.2893053708226865,-2.2117228173676207,2,blue
-3.2448289815161955,3.476974281627725,-2.067475124817377,2.891985379319368,-3.3487151050821753,2,blue
0.22445863898188895,1.6075985459718714,0.6747702937721639,-0.25253674211155336,0.9304563031546902,0,red
0.5024885182309543,-0.1294491083834661,0.11364393284339128,0.9345578268673577,-0.6327956497312694,0,red
-1.7275910017548597,2.302382178691943,-2.5055037407530896,2.7454532232336235,-2.53277302495529,2,blue
-2.55444811039286,3.3878140001852697,-2.961445467693761,3.0054710991477096,-3.5114825552658733,2,blue
-2.919166238378947,2.3038048698015285,-4.0304565035439825,2.853507975218462,-2.2860928930972735,2,blue
1.7122392434269147,3.7998068507209837,3.872742046203916,2.154941036901036,2.681784620873567,1,green
3.615234775331221,2.028431590548278,3.2273889964856886,1.9491962525851096,3.361295110827373,1,green
2.0390343795940615,0.38212240289953703,0.14317344576955615,-0.6648810775458814,0.5424577000271096,0,red
-3.414668775330866,3.2776569787427303,-3.566196296530365,3.5870837404961793,-2.469007988793847,2,blue
4.889824087724294,4.072253114539768,3.4368021261474535,3.460694732070842,3.661052849310086,1,green
3.1091300175993517,1.630172757679493,3.250324635013915,2.8856675282816227,2.6390096779079073,1,green
-3.229751149867645,3.1869271670014485,-3.8915716754217087,3.2992447552271535,-3.158382726731589,2,blue
-0.4006899104848376,1.0916758329717609,1.7807188294809673,-0.2810535403889346,-0.3450847692157205,0,red
3.536877294818627,3.1366710410335257,2.7157014583271595,2.3589513715886774,3.0667267648832497,1,green
0.5590047770925164,-0.8745597413860631,-0.40629165120996863,0.37906790513865773,-0.9466561301550931,0,red
-2.3608816323915223,2.3283238231116874,-3.509774840410593,2.7647348297476526,-4.042507134551312,2,blue
-0.8972654300154898,1.1645273170921375,0.6796019079979936,-0.17115811307015383,0.020825681334926335,0,red
-2.7710102556702836,1.8252137327887432,-1.8559715128407028,2.0954418491795437,-2.8320863703365227,2,blue
3.3009916928081884,4.931069122624065,2.995297492141939,3.649492161079954,3.063384748577111,1,green
1.0639686581758014,4.774556486152304,1.9236417955752467,1.7254796110330812,3.7920796506994923,1,green
-1.712738045599746,0.1825062519356991,0.5971096116190349,-1.1453079811673346,0.885948072299567,0,red
0.5863608611072078,-0.7143061885979815,0.6735938492665199,1.0500725701279714,0.3202452989852537,0,red
-1.6447781352439705,4.070069728063713,-4.000982379413835,3.5342453686927815,-3.3896025819815696,2,blue
3.7473708613094967,4.251425074004212,2.04387747515983,2.541079158215545,2.979546188610815,1,green
1.466840959452615,3.5793287932801867,2.169056825309915,3.1853198240669665,4.606577527719813,1,green
3.856336705429338,3.919469720975771,3.4947583025276794,2.114632201672315,4.265250624354442,1,green
-3.232253668145897,4.474937860064089,-1.7405376398370507,4.7186597786077655,-3.123195890234691,2,blue
-4.336804143875736,2.4751606771050376,-2.0750468336895693,2.2399924476046515,-3.3597259947664,2,blue
1.7480111862453436,2.1838211076909255,2.172883413538432,3.7361050954976265,4.3250354207619,1,green
-1.2818464660992714,0.6376251925544659,0.05679185317969402,-0.9991994163911675,-1.0031637032458274,0,red
-2.065840664359343,3.6021771460952294,-2.6385182117374213,4.178166357453211,-3.7350275764191356,2,blue
1.4768667353283058,4.592731194122363,2.145458474432644,2.828617680112852,2.785581339904298,1,green
-2.364564260198198,2.97396381933584,-2.6477592040876434,2.5999753179471217,-3.152182361140658,2,blue
0.58789503025089,-0.5986278370866379,-0.1834389039952196,-0.37596098751965296,0.0634194356656584,0,red
0.03671485292816613,-0.6664733269198053,-0.29787544369876867,0.7794710582991612,-0.44685852064512344,0,red
-3.2160221482159357,3.654656549462265,-3.0378755954543317,1.9115446250140005,-3.040592312870738,2,blue
-3.2775690882111257,2.4984162741603897,-2.423551377599896,2.859624359039216,-3.5030021925789985,2,blue
0.08244049987675597,-0.19750450334665604,1.164987959518695,-2.0534323838409607,0.8454775719533959,0,red
-2.441080086879748,2.8211716757799827,-1.874309130651858,1.9631204061070393,-2.463267542544319,2,blue
1.792926816176566,-1.4463773987721251,0.5315748576971244,-1.2492043422563814,-0.36555685134941396,0,red
0.3814511088644707,0.22398906842007246,1.901867310363127,-0.4939912676431854,-0.4113084727217778,0,red
-0.9405064552963145,0.8970688252254975,0.6132192859064299,0.4834411314962033,0.48671433860895486,0,red
3.7187018728003176,3.04416217664833,3.2080506845914587,4.183946552139918,3.393367885343672,1,green
1.060137445883341,-0.7474264986383148,0.5314131758430479,0.819852082157317,-1.3623137482468215,0,red
2.0365076808739753,2.463277941687179,2.443524124931218,3.693205441604174,2.771532961601148,1,green
-0.43005570414099953,1.457138000308751,-1.1216267442777916,-1.703187770306249,0.34083372742943435,0,red
3.375472425748341,2.344414954053706,2.501508443395979,3.7978042187476024,2.740684142806062,1,green
0.8157686923938315,-0.030639290428699412,0.527888170270583,0.021935319828982752,0.02304900654288918,0,red
-0.37116676862128795,-0.14381082493857503,-0.8569633859304325,-0.9265776667374869,0.6293797956992428,0,red
0.6407333895556525,0.010071222142464673,1.125902654795051,-0.2050023015181195,2.1070339762137005,0,red
0.17618970773024428,1.0125084236903075,-1.245151159352653,0.1430167718483261,0.2013043468179986,0,red
-0.48268257623800703,-0.43027072634138785,-0.49371794582902595,0.9210082446689722,1.1003178591363196,0,red
0.1634534272469222,-0.07491365432678491,-0.42209250964832323,0.30916950475110194,-0.029151715146181922,0,red
3.139345410299508,4.078240334579056,3.7113249843185354,1.783495463391748,2.2334373416249607,1,green
-2.6734404156212364,3.649840517355545,-3.478122262377939,2.5675413209617264,-3.852175804511794,2,blue
-3.46929777378375,4.331824399315567,-1.4566042440234575,2.4061503606509778,-3.4256851270326756,2,blue
2.194492332524087,3.4746526258595636,2.1840278134385445,2.5168306406688075,4.4826023115289795,1,green
-1.4863161606435435,2.6082502873988465,-3.820226289968579,4.147691536484532,-1.4797864991188459,2,blue
-0.19290248676146096,0.4465991032109817,0.24109333301032004,2.384890819220953,0.8672189973635519,0,red
-0.37508609997543607,0.9813451563848581,-0.548158410992208,0.34378105078672844,0.6000289576673936,0,red
3.09699848265849,2.6673838980905424,3.094731238505357,3.4208368436970487,3.0378468477331952,1,green
-3.228575664695437,3.755864380594563,-2.2885682468721678,2.0350714693883916,-2.9574482205917754,2,blue
4.064031333758329,2.8935328383772005,3.738093450468383,4.248865368528466,4.018528356083689,1,green
-2.711768340312196,3.301441416769072,-3.0411470808953234,3.947772380908993,-2.150678583564328,2,blue
0.6355427647274654,0.3929327748884135,0.8262426617199519,0.9057324697179718,1.070615750819838,0,red
-2.185164879095314,2.2269055623811904,-3.2974228683387072,3.1938042464060947,-1.454162609499829,2,blue
-2.7702735705554886,3.3587813996575697,-2.8471780681749617,3.241138661554843,-1.6832186798006388,2,blue
-0.7264361522495153,0.39894460252172526,0.3979768862796652,0.3989542223131971,2.9843129801429225,0,red
-3.159458029491859,2.421702899442117,-3.1369286779574357,1.8004454237737297,-3.3804460566217482,2,blue
-2.49533323557084,2.118752469045173,-3.1560746710761047,2.994948610944188,-2.536175860284857,2,blue
2.800636991370971,1.707520334025034,3.3092369010542337,3.501315819240355,2.625725375680329,1,green
2.9574792899612845,3.221189235273074,3.403659697289669,3.499781843819606,3.4303693687819643,1,green
4.028814758382331,3.43085391261391,3.3531291498023337,4.677003605260381,2.501532922151368,1,green
1.5474976507590796,3.0890988177834964,2.875961669917753,3.5200177871468536,3.165141398126429,1,green
3.3974342574437304,3.5616567813734914,3.3998299819340208,2.503110492960588,3.3345657644747404,1,green
3.845325184521842,3.4718363595627153,2.153898170714664,2.754911068746545,3.93966143786838,1,green
3.3331088275493235,3.798054131867676,3.184965287232912,2.7993468166541167,2.847908060892708,1,green
1.1352866546845164,-0.17488557035053484,0.05230712243112293,-1.1036051995487883,-0.4216770452098105,0,red
3.1034403400518498,2.8818973725798367,3.5484986224239767,3.7410584280446955,2.391175181831632,1,green
-2.369360756806106,3.3734072813461324,-2.71438053224892,3.3050340755546035,-4.493168759349249,2,blue
-4.058980391278214,3.656992920068119,-3.9547084543821596,3.4278096921488377,-2.5153883626233684,2,blue
-3.136216235944527,4.286969256417018,-2.9838213957337967,3.1787001531606855,-3.976119429798157,2,blue
0.7174140434442551,1.4790277699024261,-1.0833257843894493,0.4360740956259365,-0.5039855669084888,0,red
3.248922228724499,3.3268184109145063,4.249975374130275,3.3513061593394915,2.810877083530656,1,green
-2.917974509325791,3.4526843481354743,-1.4690557062806142,1.7883436576796898,-1.747312525973861,2,blue
-3.411288288909308,2.740403390967612,-2.734826253648997,4.203847485352607,-2.3385130529504043,2,blue
-3.397520194618915,2.4439024184413674,-3.1785636068427636,3.913811217016421,-2.849644875589174,2,blue
2.132707428972626,1.997144041177938,3.8991725630696927,2.6377202072635684,3.2684007526678576,1,green
2.4175270602633665,2.752861884124251,2.3834010226899194,3.8334715456385333,3.016507932077331,1,green
-0.4420981781202656,-0.6447398545511216,0.36515691980552933,-0.42775013077843255,0.4902668778903762,0,red
-0.0061755814089088515,1.1463598006476694,0.05992923340869553,-0.6671478736191843,1.1798068370945842,0,red
2.8927524559696165,2.0516626640120346,2.838091281112239,2.3411896890477224,2.550328469364686,1,green
2.6175377952671917,1.7942768458965725,2.668383422264023,4.162483535156883,3.658578929557803,1,green
0.09088140032180135,0.9896749726844809,-0.4582292274107923,0.42377980920504965,-0.15661775512039525,0,red
-2.3748055249752023,2.2458943563562146,-2.63101485848937,3.3915355016914317,-2.1787649369545465,2,blue
0.49103156325634906,-1.5686687023640646,0.14442689118610177,-0.5126175913586897,0.6602920218835654,0,red
-0.7549851753288092,0.6096731124701561,0.8974442764970432,-0.6356977903006137,0.7462279409394045,0,red
-3.9455597792147983,2.606396295394684,-3.114470142735458,2.6489152920317722,-1.8749234856175712,2,blue
2.738894329523936,2.5248603399173337,2.76570798829978,2.6993195292812087,3.1320038382367685,1,green
2.687335244828306,2.260165231318657,3.3281184253025,4.5976249326733,2.1730925603129863,1,green
4.083936060264479,3.7162181710527165,3.0461894859258045,2.4988849267794446,3.540841453111838,1,green
0.9652134396997961,-1.6060411680611777,-0.2654446689650156,-0.28771685762051225,-1.0902538706468599,0,red
1.2005740276693664,-0.6067053914160752,-0.24946777774377835,0.6301477269451461,-0.953423399797937,0,red
-2.454291580792927,3.6112006818837954,-2.935068173212172,4.092536955975824,-2.6825991030706957,2,blue
-2.626111570284535,3.3254037930706946,-2.529935551767923,4.592991795466969,-3.875982415287167,2,blue
2.232070788199656,1.331991190425023,2.5050623584669944,1.9751390529191495,4.271899473885652,1,green
-2.795903680616848,3.2279050303443286,-3.1815715013692456,2.392897725970943,-3.5348907990986835,2,blue
2.482499359856063,3.768432699697486,2.864476755212436,2.414602316661469,3.415578737844904,1,green
3.423149958962754,3.0049746688045227,2.6619769426941415,2.9150966109628396,2.931554346115226,1,green
3.5134656228123466,3.908968941450088,3.140218696432793,1.9954782925474566,3.309596956163547,1,green
-2.7469045936469505,3.2327464381470152,-2.518040418645725,2.1178636601451224,-2.195107470494696,2,blue
4.064635169048731,1.3457138672671793,5.430489563090379,3.8180180868323528,3.1729201193295324,1,green
-3.0107186720344057,2.4657391635265484,-3.3819712957578227,4.118232541497353,-3.9732860551876725,2,blue
-0.2796031897523283,0.8980130042383304,-0.8373880527979951,0.4771016696062582,0.45941425894524385,0,red
-0.16861513497628328,0.8511088897889199,0.6393647546635938,0.6301418544419461,1.0112195357870881,0,red
-2.797636208668687,2.7139591579128677,-2.888931770789051,1.6241341048075908,-2.6834588933509047,2,blue
-0.26009770965238643,1.292818514381504,-0.20107859613014387,-1.1643295248790924,-0.19035175893016887,0,red
-1.568073754998215,2.8640087525774143,-2.482062215362211,3.075962789487574,-1.9962220340048829,2,blue
-4.453571475756128,3.4800264219361927,-3.4921495901456447,2.0784881683609626,-3.483615859328139,2,blue
0.07513275141322304,0.4610066495791021,-0.6337910159371387,1.620756214509219,-0.7792577129087079,0,red
0.27993583230532654,1.1913580015561471,-0.02775073056668358,1.211967764343347,-2.0292458318895994,0,red
0.13764660344377616,-1.0343532925472492,0.2944999890419889,0.4729576845831782,0.4336118164405815,0,red
0.2771408976224826,0.4343818262869972,0.8389278855814175,0.8162715595460762,-1.0671381037355823,0,red
-2.9411653024608544,3.575279327565651,-2.626451567508369,2.041310810019929,-2.326754607473033,2,blue
2.713390688670693,2.7995374318452524,4.2383067735652755,3.4344863360880553,2.7711219298281984,1,green
-0.38888952996214904,-0.7910435386695474,0.5486905447138094,0.18884722084586686,-0.43693342855896644,0,red
2.7299352179637384,2.729466145528018,2.7508625606157016,4.608642070920194,3.295845929163801,1,green
-0.7179972559028206,-0.04610814254088368,-2.5106748857387062,-0.7934872549896802,-0.1956384488256207,0,red
3.919972498429089,2.6401089890406846,3.1558175994248643,3.219433841736151,2.799453069718768,1,green
3.502155864789877,2.9063139669374882,3.324968433689123,2.312551515096623,2.6611462576374456,1,green
2.0630160959439174,4.295568999909763,3.3245707290038045,2.4539001647537795,2.956801458199671,1,green
-0.5910674449059639,3.469965660758891,-3.1419034906771146,3.4140262950037936,-2.312425063683996,2,blue
-3.8410765282131694,3.526240282149759,-3.8898520332783786,3.5161234438782385,-2.6416783253352176,2,blue
-3.7436486626410983,2.9049500687505776,-2.927674069886137,2.12454795930326,-1.1319232798095815,2,blue
1.8498029794752595,1.0217411953995166,3.7237210912519396,1.9412203129502807,2.825897468333204,1,green
3.3047924689428885,3.6934136865610396,3.4920019619789655,3.812980037479712,2.5854085878644235,1,green
-0.2394836970611247,0.17206407963352227,-0.3708370877444806,0.9727045122488391,-0.6929598365783368,0,red
-2.8347834046987543,3.0009337572004315,-3.632914132100504,3.510649498979616,-2.2737612942141885,2,blue
-3.7465244541944878,2.2585940893608614,-2.733703052025873,2.962314050522763,-2.974595556593057,2,blue
-1.3980556635483081,-1.2606889514334616,0.03724643952456088,0.2011801847605253,-0.7004806457455741,0,red
2.713701064783376,3.2921007090862853,2.9773331219869816,3.8722347736466585,2.960190592888441,1,green
-0.18136170699917184,1.2232529869154907,0.5944523850620831,-0.36365329563940463,0.4202652026252023,0,red
-2.5390921576632324,2.568221959703876,-3.3199067374362907,2.2821825765751576,-3.0243526766560174,2,blue
-1.2350383538486132,-0.4642738964065301,0.004061752336207185,0.0363910114491564,-0.34861921514842,0,red
3.3379748612407267,3.029437367608679,3.0929758658806015,3.475228978196768,2.2077482856723623,1,green
-0.6890149144301683,-0.6319239294671739,-0.059722727304989835,0.26425518339812676,0.21432377157079643,0,red
-3.5496381920495645,2.0251662879668353,-3.1681006844273285,2.761050259543797,-1.1202734924833626,2,blue
-3.4443100227569494,3.078897547051212,-1.8001341500638899,2.0401917863649337,-4.136740182879563,2,blue
-2.7306909538776134,2.622594377078332,-3.523401227498145,3.0264543488327686,-3.8421770828894566,2,blue
3.5485805333633076,3.180648438490093,3.7382964619612387,3.2224054220240745,2.5256080494845183,1,green
-0.6141566550024732,-0.08290536032851754,-0.801895254803865,-0.4288549078497882,-0.9278722257573294,0,red
4.5018879445662705,2.2251466878226007,2.4750210032362827,3.3980713086428485,3.139103450146863,1,green
3.8411981300449978,2.584844500579468,3.6259188791031813,3.2844995296153314,4.423850953499565,1,green
3.031442188805406,2.45623957678968,2.4865191572279124,1.913546628203412,4.355216317854966,1,green
1.0505390088229338,-0.055778800327800866,0.7773332401814156,0.28012206047962707,-0.4997076131790124,0,red
2.97239222652554,1.7489242750136436,3.9022032244970006,2.4309878113593815,2.3723811610438656,1,green
1.8358041896563357,3.196545896648158,3.3622735730764894,3.8410464708059693,3.0758974243203325,1,green
2.8772035207570346,2.9788499946404343,2.2770937473921053,2.6566350446931897,2.314634764778938,1,green
-1.0414068878071612,-0.7115847379388655,-0.7778040933757411,-0.5947334365813789,-0.026866798242816643,0,red
-4.481226334700613,2.9468362965056296,-4.0598922715529255,4.539337369867725,-2.294061470932609,2,blue
-2.188751192813397,3.905960512512725,-3.17768530630992,2.966322899485403,-4.185990771730308,2,blue
-2.8046154290797443,2.9099693703286063,-2.833683883473874,4.222404991057507,-2.236673955817385,2,blue
-2.8642818185003924,5.312371680239754,-2.715349925916291,2.757140949382533,-2.285975626866624,2,blue
3.9664968535655394,2.478316405695332,3.2161079487963753,2.3529429548843037,4.66162536939954,1,green
-3.0904464894559296,2.507699012937842,-1.6530915345483588,2.751166423347145,-1.58050741792599,2,blue
-0.8288840958022888,-1.1816667162423473,-0.5359496863513155,-0.03531077643295639,0.18848992694041383,0,red
-1.8779973211260856,2.721324405274255,-4.027152120894523,2.6797312633465173,-2.7983875865324106,2,blue
-4.228497391132098,1.543816832845452,-1.5507566068902097,3.3017938440807626,-3.6725766580380217,2,blue
-0.16121080192178752,-0.3818768819196701,-0.4565199776973027,0.6580989545330653,0.27654300629615525,0,red
-3.1207582093705586,2.5752984863509627,-2.876050415236499,3.3886792361182585,-2.1344665989875766,2,blue
-2.8576023959649692,5.086014906274481,-2.7290460660691096,2.2222626535495786,-3.0739462878268418,2,blue
3.4324781667872073,3.058873523032449,3.4173185972828475,2.286849301342134,3.131186330198339,1,green
0.31297644789270895,1.4610333166479224,0.13522739234300557,0.1994976748156959,-0.05766555839110516,0,red
2.7820846112903888,3.051890786432484,3.399644799564652,1.7896571837186044,2.5901975582742707,1,green
-2.5952623144294504,3.324089868316937,-1.9143263982901462,3.503836475186308,-4.164280995345639,2,blue
0.72679151091223,-0.3997265276568044,0.0744548336633893,-0.35807689890357103,-0.3365593305670617,0,red
3.525119121932028,2.622065448365417,4.671043756522755,2.5308152381317526,3.5748246034179285,1,green
0.8654536297055571,0.2654739117688033,0.35379952222184635,0.44133983751064404,0.3467935593803129,0,red
2.2878477576052147,1.0400477126574088,2.778462082342664,3.8527996662392123,4.5169294152568105,1,green
-3.4514029151575696,1.1109003523100984,-3.104012191778048,4.102055967392542,-2.2825566344235018,2,blue
-1.847984081734589,2.5506926912520385,-2.814558071283876,3.3870544221102157,-2.634388613071514,2,blue
2.929873221071698,3.2571508583124453,3.147560417448434,3.549539014543218,2.662673707856537,1,green
2.9786870461932815,4.372780183838285,4.286805854335503,2.645934762125523,2.5335285438667134,1,green
1.4321952327184044,0.8726335195716262,-0.20828028410047567,-0.8571112833407035,1.993315932357261,0,red
0.4174379248589189,-0.8034474163248108,-0.14743570607138984,-0.6782509825988782,-1.071112065832994,0,red
2.8959648962068982,3.628049387783006,3.6146337200204304,1.6455929574674666,4.010337607691044,1,green
0.05739357012133694,1.261520177074424,-1.0690219927485691,-1.3194343639689359,-0.04302706254934973,0,red
-1.6530541122772602,3.7582201857957895,-2.9339128509432624,2.3739200641548743,-3.643259471308936,2,blue
3.4489819253531078,3.25236074167569,3.1505694325546365,2.7264385659004784,3.262188457737482,1,green
2.9636554758813016,3.369514235859232,3.0595059809401057,2.0061984964808115,3.771704960019561,1,green
-3.227705818527761,2.9445394579905595,-4.175739948508046,2.7234463702332516,-2.3103121671888784,2,blue
1.4537597852538413,-0.5993745363206627,-0.9641053875407704,-1.3777907803136364,1.1588309407171895,0,red
-1.0963414625340977,-0.32583046594605586,-0.26546552300234094,-0.6214413005472189,-0.12493137505273294,0,red
-0.7765559066652273,-0.014340213476919864,-0.22359402025531916,0.2499767219402908,-0.6407703335691189,0,red
0.49465159157168315,-1.2870079061114383,-0.051185191936359294,-0.9380491147334779,-0.504910077994885,0,red
2.093634347378347,1.604191955012206,3.4194152257858352,3.5880390586079147,2.5534369638140104,1,green
-1.3814502659241217,1.7547111231250097,-2.856900562913628,4.56747863727163,-2.994732863052466,2,blue
0.2094949564226873,-0.038914272248290575,-0.18508836122447886,-0.702995789742025,-0.44676515157220914,0,red
